.y.,n,statistic,df,p,method
rank,76,231.06015037593986,5,6.338093645338387e-48,Friedman test
