item,statistic,p,p.adj,p.adj.signif,effsize,magnitude
Competitive salary,363,0.0691,0.41459999999999997,ns,0.21098696311757922,small
Allowances and soft pay,332.5,0.258,1,ns,0.1316646998128877,small
Benefits package,204,0.259,1,ns,0.13139774025442558,small
Disability insurance,174,0.0928,0.5568,ns,0.19510617573091543,small
Job security,205,0.255,1,ns,0.13255547146076413,small
New hire/longevity bonuses,311,0.339,1,ns,0.11180967080644001,small
