item,n,median,mean,sd,pct_rank1
Unambiguous SOPs,76,3,3.0657894736842106,1.586068735927834,28.947368421052634
Proactive training environment,76,3,2.8421052631578947,1.1667919732205605,11.842105263157894
Well-maintained aircraft,76,2,2.25,1.1561430130683084,35.526315789473685
Well-equipped aircraft,76,5,4.131578947368421,1.1814353446906056,1.3157894736842104
Highly skilled fellow pilots,76,3,2.7105263157894735,1.2416740256463905,22.36842105263158
