.y.,n,statistic,df,p,method
rank,76,59.463157894736845,4,3.7611807023192165e-12,Friedman test
