.y.,n,statistic,df,p,method
rank,76,127.66315789473684,4,1.2305070061353872e-26,Friedman test
