item,n,median,mean,sd,pct_rank1
Financially stable airline,76,1,1.1842105263157894,0.42302171152442347,82.89473684210526
Opportunity for rapid upgrade,76,3,3.4473684210526314,1.0880531462767828,1.3157894736842104
Opportunity to fly larger aircraft,76,3,3.263157894736842,1.4270568412190785,10.526315789473683
Promotion/upgrade based on merit,76,3,3.4473684210526314,1.2371444199403205,5.263157894736842
Upgrade based on length of service,76,4,3.6578947368421053,0.9736889520984596,0
