.y.,n,statistic,df,p,method
rank,76,139.48872180451127,5,2.297962027630716e-28,Friedman test
