item,n,median,mean,sd,pct_rank1
Professional uniforms,76,3,2.8026315789473686,0.9663641389884081,14.473684210526317
Vacation for long service,76,2,2.039473684210526,1.0124661571125453,36.84210526315789
Professional respect/recognition,76,2,1.7763157894736843,0.8421984597552021,44.73684210526316
Airline recognition,76,4,3.3815789473684212,0.8788948403255517,3.9473684210526314
