.y.,n,statistic,df,p,method
rank,76,73.16842105263157,3,8.945395331792079e-16,Friedman test
