item,statistic,p,p_adj_holm,p.adj.signif,effsize,magnitude
Professional-looking uniforms,577,0.476,0.8999999999999999,ns,0.0824264317972316,small
Additional vacation for long service,345,0.0233,0.0932,ns,0.2609820437305823,small
Recognition as a professional,601,0.3,0.8999999999999999,ns,0.11956256206559812,small
Airline recognition,579,0.43,0.8999999999999999,ns,0.09127588428661176,small
