item,n,median,mean,sd,pct_rank1
Fixed schedule,76,3.5,3.1842105263157894,1.6387843162197149,25
Variable schedule,76,3,3.3947368421052633,1.3864001093327623,14.473684210526317
Flexible work rules,76,2,2.1184210526315788,1.3060587558315324,42.10526315789473
Bid line seniority system,76,3,2.8157894736842106,1.272378626204108,18.421052631578945
Vacation bidding rules,76,3,3.486842105263158,0.9728778073685187,0
