.y.,n,statistic,df,p,method
rank,76,37.63157894736842,4,1.3348050421531694e-7,Friedman test
