item,statistic,df,p,p.adj,p.adj.signif,effsize,magnitude
Fixed schedule,1.4541783047829286,3,0.693,1,ns,-0.02146974576690377,small
Variable schedule,0.4832891002883553,3,0.923,1,ns,-0.034954318051550616,small
Flexible work rules,4.078832420607368,3,0.253,1,ns,0.014983783619546776,small
Bid line seniority system,4.1878986565941,3,0.242,1,ns,0.016498592452695828,small
Vacation bidding rules,5.825859237136977,3,0.12,0.6,ns,0.03924804496023579,small
